{"Omega_m": 0.3121780526957409, "wa_fld": 0.0, "WhichSpectrum": "EH", "h": 0.6845275474601447, "Omega_r": 0.0, "m_ncdm": 0.0, "sigma8": 0.8204437349033031, "w0_fld": -1.0, "Omega_q": 0.687821947304259, "Omega_k": 0.0, "Omega_b": 0.048863558435357446, "k_max": 10.0, "n_s": 0.9716534858342049, "tau_reio": 0.066}