{"Omega_r": 0.0, "sigma8": 0.8204437349033031, "wa_fld": 0.0, "n_s": 0.9716534858342049, "Omega_b": 0.048863558435357446, "Omega_q": 0.687821947304259, "h": 0.6845275474601447, "Omega_k": 0.0, "Omega_m": 0.3121780526957409, "m_ncdm": 0.0, "w0_fld": -1.0, "tau_reio": 0.066, "WhichSpectrum": "EH", "k_max": 10.0}